No.;Time;Source;Destination;Protocol;Length;Info;;;;;;;;;;;;;;;time 2;time 1;delay 1;delay 2;jiter
1;0.000000;192.168.43.133;3.235.82.191;TLSv1.2;271;Application Data;;;;;;;;;;;;;;;0.137157;0.000000;;;0
2;0.137157;3.235.82.191;192.168.43.133;TCP;54;443  >  49832 [ACK] Seq=1 Ack=218 Win=6565 Len=0;;;;;;;;;;;;;;;0.444538;0.137157;;;0
3;0.444538;3.235.82.191;192.168.43.133;TLSv1.2;249;Application Data;;;;;;;;;;;;;;;0.499847;0.444538;;;0
4;0.499847;192.168.43.133;3.235.82.191;TCP;54;49832  >  443 [ACK] Seq=218 Ack=196 Win=259 Len=0;;;;;;;;;;;;;;;4.250.168;0.499847;;187730;187730
5;4.250.168;192.168.43.133;3.235.82.191;TLSv1.2;84;Application Data;;;;;;;;;;;;;;;4.437.898;4.250.168;187730;9073158;8885428
6;4.437.898;3.235.82.191;192.168.43.133;TCP;54;443  >  49832 [ACK] Seq=196 Ack=248 Win=6566 Len=0;;;;;;;;;;;;;;;13.511.056;4.437.898;9073158;91133;8982025
10;13.511.056;192.168.43.133;40.90.189.152;TLSv1.2;157;Application Data;;;;;;;;;;;;;;;13.602.189;13.511.056;91133;5120;86013
11;13.602.189;192.168.43.133;172.217.194.188;TCP;55;[TCP segment of a reassembled PDU];;;;;;;;;;;;;;;13.607.309;13.602.189;5120;245;4875
12;13.607.309;40.90.189.152;192.168.43.133;TCP;54;443  >  49755 [ACK] Seq=1 Ack=104 Win=1104 Len=0;;;;;;;;;;;;;;;13.607.554;13.607.309;245;31465;31220
13;13.607.554;40.90.189.152;192.168.43.133;TLSv1.2;227;Application Data;;;;;;;;;;;;;;;13.639.019;13.607.554;31465;10039;21426
14;13.639.019;172.217.194.188;192.168.43.133;TCP;54;5228  >  50352 [ACK] Seq=1 Ack=2 Win=706 Len=0;;;;;;;;;;;;;;;13.649.058;13.639.019;10039;16427477;16417438
15;13.649.058;192.168.43.133;40.90.189.152;TCP;54;49755  >  443 [ACK] Seq=104 Ack=174 Win=257 Len=0;;;;;;;;;;;;;;;30.076.535;13.649.058;16427477;269359;16158118
19;30.076.535;192.168.43.133;3.235.82.191;TLSv1.2;271;Application Data;;;;;;;;;;;;;;;30.345.894;30.076.535;269359;307190;37831
20;30.345.894;3.235.82.191;192.168.43.133;TCP;54;443  >  49832 [ACK] Seq=196 Ack=465 Win=6573 Len=0;;;;;;;;;;;;;;;30.653.084;30.345.894;307190;48039;259151
21;30.653.084;3.235.82.191;192.168.43.133;TLSv1.2;249;Application Data;;;;;;;;;;;;;;;30.701.123;30.653.084;48039;5328146;5280107
22;30.701.123;192.168.43.133;3.235.82.191;TCP;54;49832  >  443 [ACK] Seq=465 Ack=391 Win=258 Len=0;;;;;;;;;;;;;;;36.029.269;30.701.123;5328146;153342;5174804
23;36.029.269;192.168.43.133;74.125.130.188;TCP;55;49788  >  5228 [ACK] Seq=1 Ack=1 Win=255 Len=1;;;;;;;;;;;;;;;36.182.611;36.029.269;153342;13143465;12990123
24;36.182.611;74.125.130.188;192.168.43.133;TCP;54;5228  >  49788 [ACK] Seq=1 Ack=2 Win=757 Len=0;;;;;;;;;;;;;;;49.326.076;36.182.611;13143465;271293;12872172
27;49.326.076;192.168.43.133;3.235.82.191;TLSv1.2;84;Application Data;;;;;;;;;;;;;;;49.597.369;49.326.076;271293;9055960;8784667
28;49.597.369;3.235.82.191;192.168.43.133;TCP;54;443  >  49832 [ACK] Seq=391 Ack=495 Win=6574 Len=0;;;;;;;;;;;;;;;58.653.329;49.597.369;9055960;160324;8895636
29;58.653.329;192.168.43.133;172.217.194.188;TCP;55;[TCP Keep-Alive] 50352  >  5228 [ACK] Seq=1 Ack=1 Win=257 Len=1;;;;;;;;;;;;;;;58.813.653;58.653.329;160324;1339859;1179535
30;58.813.653;172.217.194.188;192.168.43.133;TCP;54;[TCP Keep-Alive ACK] 5228  >  50352 [ACK] Seq=1 Ack=2 Win=706 Len=0;;;;;;;;;;;;;;;60.153.512;58.813.653;1339859;93659;1246200
31;60.153.512;192.168.43.133;3.235.82.191;TLSv1.2;271;Application Data;;;;;;;;;;;;;;;60.247.171;60.153.512;93659;307267;213608
32;60.247.171;3.235.82.191;192.168.43.133;TCP;54;443  >  49832 [ACK] Seq=391 Ack=712 Win=6580 Len=0;;;;;;;;;;;;;;;60.554.438;60.247.171;307267;51982;255285
33;60.554.438;3.235.82.191;192.168.43.133;TLSv1.2;249;Application Data;;;;;;;;;;;;;;;60.606.420;60.554.438;51982;16280963;16228981
34;60.606.420;192.168.43.133;3.235.82.191;TCP;54;49832  >  443 [ACK] Seq=712 Ack=586 Win=260 Len=0;;;;;;;;;;;;;;;76.887.383;60.606.420;16280963;153656;16127307
37;76.887.383;192.168.43.133;3.235.72.248;TLSv1.2;89;Application Data;;;;;;;;;;;;;;;77.041.039;76.887.383;153656;204880;51224
38;77.041.039;3.235.72.248;192.168.43.133;TCP;54;443  >  49828 [ACK] Seq=1 Ack=36 Win=915 Len=0;;;;;;;;;;;;;;;77.245.919;77.041.039;204880;47429;157451
39;77.245.919;3.235.72.248;192.168.43.133;TLSv1.2;85;Application Data;;;;;;;;;;;;;;;77.293.348;77.245.919;47429;3890727;3843298
40;77.293.348;192.168.43.133;3.235.72.248;TCP;54;49828  >  443 [ACK] Seq=36 Ack=32 Win=256 Len=0;;;;;;;;;;;;;;;81.184.075;77.293.348;3890727;157715;3733012
41;81.184.075;192.168.43.133;74.125.130.188;TCP;55;[TCP Keep-Alive] 49788  >  5228 [ACK] Seq=1 Ack=1 Win=255 Len=1;;;;;;;;;;;;;;;81.341.790;81.184.075;157715;8889032;8731317
42;81.341.790;74.125.130.188;192.168.43.133;TCP;54;[TCP Keep-Alive ACK] 5228  >  49788 [ACK] Seq=1 Ack=2 Win=757 Len=0;;;;;;;;;;;;;;;90.230.822;81.341.790;8889032;122573;8766459
45;90.230.822;192.168.43.133;3.235.82.191;TLSv1.2;271;Application Data;;;;;;;;;;;;;;;90.353.395;90.230.822;122573;307248;184675
46;90.353.395;3.235.82.191;192.168.43.133;TCP;54;443  >  49832 [ACK] Seq=586 Ack=929 Win=6587 Len=0;;;;;;;;;;;;;;;90.660.643;90.353.395;307248;54466;252782
47;90.660.643;3.235.82.191;192.168.43.133;TLSv1.2;249;Application Data;;;;;;;;;;;;;;;90.715.109;90.660.643;54466;3678890;3624424
48;90.715.109;192.168.43.133;3.235.82.191;TCP;54;49832  >  443 [ACK] Seq=929 Ack=781 Win=259 Len=0;;;;;;;;;;;;;;;94.393.999;90.715.109;3678890;157973;3520917
49;94.393.999;192.168.43.133;3.235.82.191;TLSv1.2;84;Application Data;;;;;;;;;;;;;;;94.551.972;94.393.999;157973;9263135;9105162
50;94.551.972;3.235.82.191;192.168.43.133;TCP;54;443  >  49832 [ACK] Seq=781 Ack=959 Win=6588 Len=0;;;;;;;;;;;;;;;103.815.107;94.551.972;9263135;157554;9105581
53;103.815.107;192.168.43.133;172.217.194.188;TCP;55;[TCP Keep-Alive] 50352  >  5228 [ACK] Seq=1 Ack=1 Win=257 Len=1;;;;;;;;;;;;;;;103.972.661;103.815.107;157554;16342406;16184852
54;103.972.661;172.217.194.188;192.168.43.133;TCP;54;[TCP Keep-Alive ACK] 5228  >  50352 [ACK] Seq=1 Ack=2 Win=706 Len=0;;;;;;;;;;;;;;;120.315.067;103.972.661;16342406;144569;16197837
55;120.315.067;192.168.43.133;3.235.82.191;TLSv1.2;271;Application Data;;;;;;;;;;;;;;;120.459.636;120.315.067;144569;204912;60343
56;120.459.636;3.235.82.191;192.168.43.133;TCP;54;443  >  49832 [ACK] Seq=781 Ack=1176 Win=6595 Len=0;;;;;;;;;;;;;;;120.664.548;120.459.636;204912;40627;164285
57;120.664.548;3.235.82.191;192.168.43.133;TLSv1.2;249;Application Data;;;;;;;;;;;;;;;120.705.175;120.664.548;40627;1641984;1601357
58;120.705.175;192.168.43.133;3.235.82.191;TCP;54;49832  >  443 [ACK] Seq=1176 Ack=976 Win=258 Len=0;;;;;;;;;;;;;;;122.347.159;120.705.175;1641984;89778;1552206
63;122.347.159;192.168.43.133;34.199.138.238;TCP;66;50514  >  80 [SYN] Seq=0 Win=64240 Len=0 MSS=1460 WS=256 SACK_PERM=1;;;;;;;;;;;;;;;122.436.937;122.347.159;89778;5065;84713
64;122.436.937;192.168.43.133;34.199.138.238;TCP;66;50515  >  80 [SYN] Seq=0 Win=64240 Len=0 MSS=1460 WS=256 SACK_PERM=1;;;;;;;;;;;;;;;122.442.002;122.436.937;5065;449;4616
65;122.442.002;34.199.138.238;192.168.43.133;TCP;66;80  >  50514 [SYN, ACK] Seq=0 Ack=1 Win=42340 Len=0 MSS=1360 SACK_PERM=1 WS=4096;;;;;;;;;;;;;;;122.442.451;122.442.002;449;2332;1883
66;122.442.451;192.168.43.133;34.199.138.238;TCP;54;50514  >  80 [ACK] Seq=1 Ack=1 Win=66560 Len=0;;;;;;;;;;;;;;;122.444.783;122.442.451;2332;46025;43693
67;122.444.783;192.168.43.133;34.199.138.238;HTTP;1359;POST / HTTP/1.1  (text/plain);;;;;;;;;;;;;;;122.490.808;122.444.783;46025;367;45658
68;122.490.808;34.199.138.238;192.168.43.133;TCP;66;80  >  50515 [SYN, ACK] Seq=0 Ack=1 Win=42340 Len=0 MSS=1360 SACK_PERM=1 WS=4096;;;;;;;;;;;;;;;122.491.175;122.490.808;367;15506;15139
69;122.491.175;192.168.43.133;34.199.138.238;TCP;54;50515  >  80 [ACK] Seq=1 Ack=1 Win=66560 Len=0;;;;;;;;;;;;;;;122.506.681;122.491.175;15506;719072;703566
70;122.506.681;34.199.138.238;192.168.43.133;TCP;54;80  >  50514 [ACK] Seq=1 Ack=1306 Win=49152 Len=0;;;;;;;;;;;;;;;123.225.753;122.506.681;719072;53513;665559
71;123.225.753;34.199.138.238;192.168.43.133;HTTP;354;HTTP/1.1 200 OK  (application/json);;;;;;;;;;;;;;;123.279.266;123.225.753;53513;3041145;2987632
72;123.279.266;192.168.43.133;34.199.138.238;TCP;54;50514  >  80 [ACK] Seq=1306 Ack=301 Win=66304 Len=0;;;;;;;;;;;;;;;126.320.411;123.279.266;3041145;481;3040664
75;126.320.411;192.168.43.133;34.199.138.238;TCP;54;50515  >  80 [FIN, ACK] Seq=1 Ack=1 Win=66560 Len=0;;;;;;;;;;;;;;;126.320.892;126.320.411;481;26359;25878
76;126.320.892;192.168.43.133;34.199.138.238;TCP;54;50514  >  80 [FIN, ACK] Seq=1306 Ack=301 Win=66304 Len=0;;;;;;;;;;;;;;;126.347.251;126.320.892;26359;29859;3500
77;126.347.251;192.168.43.133;74.125.130.188;TCP;55;[TCP Keep-Alive] 49788  >  5228 [ACK] Seq=1 Ack=1 Win=255 Len=1;;;;;;;;;;;;;;;126.377.110;126.347.251;29859;0;29859
78;126.377.110;34.199.138.238;192.168.43.133;TCP;54;80  >  50514 [FIN, ACK] Seq=301 Ack=1307 Win=49152 Len=0;;;;;;;;;;;;;;;126.377.110;126.377.110;0;316;316
79;126.377.110;34.199.138.238;192.168.43.133;TCP;54;80  >  50515 [FIN, ACK] Seq=1 Ack=2 Win=45056 Len=0;;;;;;;;;;;;;;;126.377.426;126.377.110;316;293;23
80;126.377.426;192.168.43.133;34.199.138.238;TCP;54;50514  >  80 [ACK] Seq=1307 Ack=302 Win=66304 Len=0;;;;;;;;;;;;;;;126.377.719;126.377.426;293;2716;2423
81;126.377.719;192.168.43.133;34.199.138.238;TCP;54;50515  >  80 [ACK] Seq=2 Ack=2 Win=66560 Len=0;;;;;;;;;;;;;;;126.380.435;126.377.719;2716;13075890;13073174
82;126.380.435;74.125.130.188;192.168.43.133;TCP;54;[TCP Keep-Alive ACK] 5228  >  49788 [ACK] Seq=1 Ack=2 Win=757 Len=0;;;;;;;;;;;;;;;139.456.325;126.380.435;13075890;152467;12923423
87;139.456.325;192.168.43.133;3.235.82.191;TLSv1.2;84;Application Data;;;;;;;;;;;;;;;139.608.792;139.456.325;152467;9378395;9225928
88;139.608.792;3.235.82.191;192.168.43.133;TCP;54;443  >  49832 [ACK] Seq=976 Ack=1206 Win=6596 Len=0;;;;;;;;;;;;;;;148.987.187;139.608.792;9378395;144723;9233672
91;148.987.187;192.168.43.133;172.217.194.188;TCP;55;[TCP Keep-Alive] 50352  >  5228 [ACK] Seq=1 Ack=1 Win=257 Len=1;;;;;;;;;;;;;;;149.131.910;148.987.187;144723;1261564;1116841
92;149.131.910;172.217.194.188;192.168.43.133;TCP;54;[TCP Keep-Alive ACK] 5228  >  50352 [ACK] Seq=1 Ack=2 Win=706 Len=0;;;;;;;;;;;;;;;150.393.474;149.131.910;1261564;172099;1089465
93;150.393.474;192.168.43.133;3.235.82.191;TLSv1.2;271;Application Data;;;;;;;;;;;;;;;150.565.573;150.393.474;172099;204788;32689
94;150.565.573;3.235.82.191;192.168.43.133;TCP;54;443  >  49832 [ACK] Seq=976 Ack=1423 Win=6603 Len=0;;;;;;;;;;;;;;;150.770.361;150.565.573;204788;44905;159883
95;150.770.361;3.235.82.191;192.168.43.133;TLSv1.2;249;Application Data;;;;;;;;;;;;;;;150.815.266;150.770.361;44905;20578731;20533826
96;150.815.266;192.168.43.133;3.235.82.191;TCP;54;49832  >  443 [ACK] Seq=1423 Ack=1171 Win=260 Len=0;;;;;;;;;;;;;;;171.393.997;150.815.266;20578731;164896;20413835
112;171.393.997;192.168.43.133;74.125.130.188;TCP;55;[TCP Keep-Alive] 49788  >  5228 [ACK] Seq=1 Ack=1 Win=255 Len=1;;;;;;;;;;;;;;;171.558.893;171.393.997;164896;8913039;8748143
113;171.558.893;74.125.130.188;192.168.43.133;TCP;54;[TCP Keep-Alive ACK] 5228  >  49788 [ACK] Seq=1 Ack=2 Win=757 Len=0;;;;;;;;;;;;;;;180.471.932;171.558.893;8913039;97409;8815630
116;180.471.932;192.168.43.133;3.235.82.191;TLSv1.2;271;Application Data;;;;;;;;;;;;;;;180.569.341;180.471.932;97409;307236;209827
117;180.569.341;3.235.82.191;192.168.43.133;TCP;54;443  >  49832 [ACK] Seq=1171 Ack=1640 Win=6609 Len=0;;;;;;;;;;;;;;;180.876.577;180.569.341;307236;48405;258831
118;180.876.577;3.235.82.191;192.168.43.133;TLSv1.2;249;Application Data;;;;;;;;;;;;;;;180.924.982;180.876.577;48405;3580410;3532005
119;180.924.982;192.168.43.133;3.235.82.191;TCP;54;49832  >  443 [ACK] Seq=1640 Ack=1366 Win=259 Len=0;;;;;;;;;;;;;;;184.505.392;180.924.982;3580410;160171;3420239
120;184.505.392;192.168.43.133;3.235.82.191;TLSv1.2;84;Application Data;;;;;;;;;;;;;;;184.665.563;184.505.392;160171;9479639;9319468
121;184.665.563;3.235.82.191;192.168.43.133;TCP;54;443  >  49832 [ACK] Seq=1366 Ack=1670 Win=6610 Len=0;;;;;;;;;;;;;;;194.145.202;184.665.563;9479639;146526;9333113
124;194.145.202;192.168.43.133;172.217.194.188;TCP;55;[TCP Keep-Alive] 50352  >  5228 [ACK] Seq=1 Ack=1 Win=257 Len=1;;;;;;;;;;;;;;;194.291.728;194.145.202;146526;16259533;16113007
125;194.291.728;172.217.194.188;192.168.43.133;TCP;54;[TCP Keep-Alive ACK] 5228  >  50352 [ACK] Seq=1 Ack=2 Win=706 Len=0;;;;;;;;;;;;;;;210.551.261;194.291.728;16259533;312124;15947409
126;210.551.261;192.168.43.133;3.235.82.191;TLSv1.2;271;Application Data;;;;;;;;;;;;;;;210.863.385;210.551.261;312124;5165;306959
127;210.863.385;192.168.43.133;3.235.82.191;TCP;271;[TCP Retransmission] 49832  >  443 [PSH, ACK] Seq=1670 Ack=1366 Win=259 Len=217;;;;;;;;;;;;;;;210.868.550;210.863.385;5165;216693;211528
128;210.868.550;3.235.82.191;192.168.43.133;TCP;54;443  >  49832 [ACK] Seq=1366 Ack=1887 Win=6617 Len=0;;;;;;;;;;;;;;;211.085.243;210.868.550;216693;0;216693
129;211.085.243;3.235.82.191;192.168.43.133;TCP;54;[TCP Dup ACK 128#1] 443  >  49832 [ACK] Seq=1366 Ack=1887 Win=6617 Len=0;;;;;;;;;;;;;;;211.085.243;211.085.243;0;43774;43774
130;211.085.243;3.235.82.191;192.168.43.133;TLSv1.2;249;Application Data;;;;;;;;;;;;;;;211.129.017;211.085.243;43774;1266182;1222408
131;211.129.017;192.168.43.133;3.235.82.191;TCP;54;49832  >  443 [ACK] Seq=1887 Ack=1561 Win=258 Len=0;;;;;;;;;;;;;;;212.395.199;211.129.017;1266182;62748;1203434
132;212.395.199;192.168.43.133;3.235.72.248;TLSv1.2;89;Application Data;;;;;;;;;;;;;;;212.457.947;212.395.199;62748;226373;163625
133;212.457.947;3.235.72.248;192.168.43.133;TCP;54;443  >  49828 [ACK] Seq=32 Ack=71 Win=916 Len=0;;;;;;;;;;;;;;;212.684.320;212.457.947;226373;54068;172305
134;212.684.320;3.235.72.248;192.168.43.133;TLSv1.2;85;Application Data;;;;;;;;;;;;;;;212.738.388;212.684.320;54068;3828028;3773960
135;212.738.388;192.168.43.133;3.235.72.248;TCP;54;49828  >  443 [ACK] Seq=71 Ack=63 Win=256 Len=0;;;;;;;;;;;;;;;216.566.416;212.738.388;3828028;51853;3776175
138;216.566.416;192.168.43.133;74.125.130.188;TCP;55;[TCP Keep-Alive] 49788  >  5228 [ACK] Seq=1 Ack=1 Win=255 Len=1;;;;;;;;;;;;;;;216.618.269;216.566.416;51853;12963411;12911558
139;216.618.269;74.125.130.188;192.168.43.133;TCP;54;[TCP Keep-Alive ACK] 5228  >  49788 [ACK] Seq=1 Ack=2 Win=757 Len=0;;;;;;;;;;;;;;;229.581.680;216.618.269;12963411;243320;12720091
140;229.581.680;192.168.43.133;3.235.82.191;TLSv1.2;84;Application Data;;;;;;;;;;;;;;;229.825.000;229.581.680;243320;9474955;9231635
141;229.825.000;3.235.82.191;192.168.43.133;TCP;54;443  >  49832 [ACK] Seq=1561 Ack=1917 Win=6618 Len=0;;;;;;;;;;;;;;;239.299.955;229.825.000;9474955;150905;9324050
144;239.299.955;192.168.43.133;172.217.194.188;TCP;55;[TCP Keep-Alive] 50352  >  5228 [ACK] Seq=1 Ack=1 Win=257 Len=1;;;;;;;;;;;;;;;239.450.860;239.299.955;150905;1177431;1026526
145;239.450.860;172.217.194.188;192.168.43.133;TCP;54;[TCP Keep-Alive ACK] 5228  >  50352 [ACK] Seq=1 Ack=2 Win=706 Len=0;;;;;;;;;;;;;;;240.628.291;239.450.860;1177431;153725;1023706
146;240.628.291;192.168.43.133;3.235.82.191;TLSv1.2;271;Application Data;;;;;;;;;;;;;;;240.782.016;240.628.291;153725;307309;153584
147;240.782.016;3.235.82.191;192.168.43.133;TCP;54;443  >  49832 [ACK] Seq=1561 Ack=2134 Win=6625 Len=0;;;;;;;;;;;;;;;241.089.325;240.782.016;307309;54351;252958
148;241.089.325;3.235.82.191;192.168.43.133;TLSv1.2;249;Application Data;;;;;;;;;;;;;;;241.143.676;241.089.325;54351;12379788;12325437
149;241.143.676;192.168.43.133;3.235.82.191;TCP;54;49832  >  443 [ACK] Seq=2134 Ack=1756 Win=260 Len=0;;;;;;;;;;;;;;;253.523.464;241.143.676;12379788;263420;12116368
153;253.523.464;192.168.43.133;40.90.189.152;TLSv1.2;157;Application Data;;;;;;;;;;;;;;;253.786.884;253.523.464;263420;0;263420
155;253.786.884;40.90.189.152;192.168.43.133;TCP;54;443  >  49755 [ACK] Seq=174 Ack=207 Win=1107 Len=0;;;;;;;;;;;;;;;253.786.884;253.786.884;0;47561;47561
156;253.786.884;40.90.189.152;192.168.43.133;TLSv1.2;227;Application Data;;;;;;;;;;;;;;;253.834.445;253.786.884;47561;7796673;7749112
157;253.834.445;192.168.43.133;40.90.189.152;TCP;54;49755  >  443 [ACK] Seq=207 Ack=347 Win=256 Len=0;;;;;;;;;;;;;;;261.631.118;253.834.445;7796673;143089;7653584
160;261.631.118;192.168.43.133;74.125.130.188;TCP;55;[TCP Keep-Alive] 49788  >  5228 [ACK] Seq=1 Ack=1 Win=255 Len=1;;;;;;;;;;;;;;;261.774.207;261.631.118;143089;8919220;8776131
161;261.774.207;74.125.130.188;192.168.43.133;TCP;54;[TCP Keep-Alive ACK] 5228  >  49788 [ACK] Seq=1 Ack=2 Win=757 Len=0;;;;;;;;;;;;;;;270.693.427;261.774.207;8919220;194568;8724652
162;270.693.427;192.168.43.133;3.235.82.191;TLSv1.2;271;Application Data;;;;;;;;;;;;;;;270.887.995;270.693.427;194568;307228;112660
163;270.887.995;3.235.82.191;192.168.43.133;TCP;54;443  >  49832 [ACK] Seq=1756 Ack=2351 Win=6632 Len=0;;;;;;;;;;;;;;;271.195.223;270.887.995;307228;44971;262257
164;271.195.223;3.235.82.191;192.168.43.133;TLSv1.2;249;Application Data;;;;;;;;;;;;;;;271.240.194;271.195.223;44971;3393946;3348975
165;271.240.194;192.168.43.133;3.235.82.191;TCP;54;49832  >  443 [ACK] Seq=2351 Ack=1951 Win=259 Len=0;;;;;;;;;;;;;;;274.634.140;271.240.194;3393946;145357;3248589
166;274.634.140;192.168.43.133;3.235.82.191;TLSv1.2;84;Application Data;;;;;;;;;;;;;;;274.779.497;274.634.140;145357;9682031;9536674
167;274.779.497;3.235.82.191;192.168.43.133;TCP;54;443  >  49832 [ACK] Seq=1951 Ack=2381 Win=6632 Len=0;;;;;;;;;;;;;;;284.461.528;274.779.497;9682031;148817;9533214
170;284.461.528;192.168.43.133;172.217.194.188;TCP;55;[TCP Keep-Alive] 50352  >  5228 [ACK] Seq=1 Ack=1 Win=257 Len=1;;;;;;;;;;;;;;;284.610.345;284.461.528;148817;16163702;16014885
171;284.610.345;172.217.194.188;192.168.43.133;TCP;54;[TCP Keep-Alive ACK] 5228  >  50352 [ACK] Seq=1 Ack=2 Win=706 Len=0;;;;;;;;;;;;;;;300.774.047;284.610.345;16163702;220492;15943210
174;300.774.047;192.168.43.133;3.235.82.191;TLSv1.2;271;Application Data;;;;;;;;;;;;;;;300.994.539;300.774.047;220492;409772;189280
175;300.994.539;3.235.82.191;192.168.43.133;TCP;54;443  >  49832 [ACK] Seq=1951 Ack=2598 Win=6639 Len=0;;;;;;;;;;;;;;;301.404.311;300.994.539;409772;41050;368722
176;301.404.311;3.235.82.191;192.168.43.133;TLSv1.2;249;Application Data;;;;;;;;;;;;;;;301.445.361;301.404.311;41050;5343811;5302761
177;301.445.361;192.168.43.133;3.235.82.191;TCP;54;49832  >  443 [ACK] Seq=2598 Ack=2146 Win=258 Len=0;;;;;;;;;;;;;;;306.789.172;301.445.361;5343811;218191;5125620
180;306.789.172;192.168.43.133;74.125.130.188;TCP;55;[TCP Keep-Alive] 49788  >  5228 [ACK] Seq=1 Ack=1 Win=255 Len=1;;;;;;;;;;;;;;;307.007.363;306.789.172;218191;3833028;3614837
181;307.007.363;74.125.130.188;192.168.43.133;TCP;54;[TCP Keep-Alive ACK] 5228  >  49788 [ACK] Seq=1 Ack=2 Win=757 Len=0;;;;;;;;;;;;;;;310.840.391;307.007.363;3833028;87258;3745770
185;310.840.391;192.168.43.133;74.125.24.113;TCP;66;50516  >  443 [SYN] Seq=0 Win=64240 Len=0 MSS=1460 WS=256 SACK_PERM=1;;;;;;;;;;;;;;;310.927.649;310.840.391;87258;315;86943
187;310.927.649;74.125.24.113;192.168.43.133;TCP;66;443  >  50516 [SYN, ACK] Seq=0 Ack=1 Win=21760 Len=0 MSS=1360 WS=32 SACK_PERM=1;;;;;;;;;;;;;;;310.927.964;310.927.649;315;12998;12683
188;310.927.964;192.168.43.133;74.125.24.113;TCP;54;50516  >  443 [ACK] Seq=1 Ack=1 Win=66560 Len=0;;;;;;;;;;;;;;;310.940.962;310.927.964;12998;128462;115464
189;310.940.962;192.168.43.133;74.125.24.113;TLSv1.2;571;Client Hello;;;;;;;;;;;;;;;311.069.424;310.940.962;128462;3115;125347
190;311.069.424;74.125.24.113;192.168.43.133;TCP;54;443  >  50516 [ACK] Seq=1 Ack=518 Win=22272 Len=0;;;;;;;;;;;;;;;311.072.539;311.069.424;3115;277;2838
191;311.072.539;74.125.24.113;192.168.43.133;TLSv1.2;2774;Server Hello;;;;;;;;;;;;;;;311.072.816;311.072.539;277;262;15
192;311.072.816;192.168.43.133;74.125.24.113;TCP;54;50516  >  443 [ACK] Seq=518 Ack=2721 Win=66560 Len=0;;;;;;;;;;;;;;;311.073.078;311.072.816;262;19699;19437
193;311.073.078;74.125.24.113;192.168.43.133;TLSv1.2;1080;Certificate, Server Key Exchange, Server Hello Done;;;;;;;;;;;;;;;311.092.777;311.073.078;19699;36062;16363
194;311.092.777;192.168.43.133;74.125.24.113;TLSv1.2;147;Client Key Exchange, Change Cipher Spec, Encrypted Handshake Message;;;;;;;;;;;;;;;311.128.839;311.092.777;36062;29707;6355
195;311.128.839;74.125.24.113;192.168.43.133;TCP;54;443  >  50516 [ACK] Seq=3747 Ack=611 Win=22368 Len=0;;;;;;;;;;;;;;;311.158.546;311.128.839;29707;0;29707
196;311.158.546;74.125.24.113;192.168.43.133;TLSv1.2;346;New Session Ticket, Change Cipher Spec, Encrypted Handshake Message;;;;;;;;;;;;;;;311.158.546;311.158.546;0;353;353
197;311.158.546;74.125.24.113;192.168.43.133;TLSv1.2;123;Application Data;;;;;;;;;;;;;;;311.158.899;311.158.546;353;136982;136629
198;311.158.899;192.168.43.133;74.125.24.113;TCP;54;50516  >  443 [ACK] Seq=611 Ack=4108 Win=66560 Len=0;;;;;;;;;;;;;;;311.295.881;311.158.899;136982;222;136760
199;311.295.881;192.168.43.133;74.125.24.113;TLSv1.2;107;Application Data;;;;;;;;;;;;;;;311.296.103;311.295.881;222;384;162
200;311.296.103;192.168.43.133;74.125.24.113;TLSv1.2;110;Application Data;;;;;;;;;;;;;;;311.296.487;311.296.103;384;30809;30425
201;311.296.487;192.168.43.133;74.125.24.113;TLSv1.2;96;Application Data;;;;;;;;;;;;;;;311.327.296;311.296.487;30809;1103;29706
202;311.327.296;192.168.43.133;74.125.24.113;TLSv1.2;92;Application Data;;;;;;;;;;;;;;;311.328.399;311.327.296;1103;583;520
203;311.328.399;192.168.43.133;74.125.24.113;TLSv1.2;273;Application Data;;;;;;;;;;;;;;;311.328.982;311.328.399;583;12249;11666
204;311.328.982;192.168.43.133;74.125.24.113;TLSv1.2;105;Application Data;;;;;;;;;;;;;;;311.341.231;311.328.982;12249;5235;7014
205;311.341.231;74.125.24.113;192.168.43.133;TCP;54;443  >  50516 [ACK] Seq=4108 Ack=720 Win=22464 Len=0;;;;;;;;;;;;;;;311.346.466;311.341.231;5235;912;4323
206;311.346.466;74.125.24.113;192.168.43.133;TCP;54;443  >  50516 [ACK] Seq=4108 Ack=762 Win=22496 Len=0;;;;;;;;;;;;;;;311.347.378;311.346.466;912;27302;26390
207;311.347.378;74.125.24.113;192.168.43.133;TLSv1.2;92;Application Data;;;;;;;;;;;;;;;311.374.680;311.347.378;27302;0;27302
208;311.374.680;74.125.24.113;192.168.43.133;TCP;54;443  >  50516 [ACK] Seq=4146 Ack=800 Win=22528 Len=0;;;;;;;;;;;;;;;311.374.680;311.374.680;0;0;0
209;311.374.680;74.125.24.113;192.168.43.133;TCP;54;443  >  50516 [ACK] Seq=4146 Ack=1019 Win=22752 Len=0;;;;;;;;;;;;;;;311.374.680;311.374.680;0;23557;23557
210;311.374.680;74.125.24.113;192.168.43.133;TCP;54;443  >  50516 [ACK] Seq=4146 Ack=1070 Win=22816 Len=0;;;;;;;;;;;;;;;311.398.237;311.374.680;23557;59068;35511
211;311.398.237;192.168.43.133;74.125.24.113;TCP;54;50516  >  443 [ACK] Seq=1070 Ack=4146 Win=66560 Len=0;;;;;;;;;;;;;;;311.457.305;311.398.237;59068;0;59068
212;311.457.305;74.125.24.113;192.168.43.133;TLSv1.2;553;Application Data;;;;;;;;;;;;;;;311.457.305;311.457.305;0;282;282
213;311.457.305;74.125.24.113;192.168.43.133;TLSv1.2;127;Application Data;;;;;;;;;;;;;;;311.457.587;311.457.305;282;171;111
214;311.457.587;192.168.43.133;74.125.24.113;TCP;54;50516  >  443 [ACK] Seq=1070 Ack=4718 Win=65792 Len=0;;;;;;;;;;;;;;;311.457.758;311.457.587;171;0;171
215;311.457.758;74.125.24.113;192.168.43.133;TLSv1.2;222;Application Data;;;;;;;;;;;;;;;311.457.758;311.457.758;0;0;0
216;311.457.758;74.125.24.113;192.168.43.133;TLSv1.2;219;Application Data;;;;;;;;;;;;;;;311.457.758;311.457.758;0;244;244
217;311.457.758;74.125.24.113;192.168.43.133;TLSv1.2;100;Application Data;;;;;;;;;;;;;;;311.458.002;311.457.758;244;21594;21350
218;311.458.002;192.168.43.133;74.125.24.113;TCP;54;50516  >  443 [ACK] Seq=1070 Ack=5097 Win=65536 Len=0;;;;;;;;;;;;;;;311.479.596;311.458.002;21594;77902;56308
219;311.479.596;192.168.43.133;74.125.24.113;TLSv1.2;100;Application Data;;;;;;;;;;;;;;;311.557.498;311.479.596;77902;60888;17014
220;311.557.498;74.125.24.113;192.168.43.133;TCP;54;443  >  50516 [ACK] Seq=5097 Ack=1116 Win=22848 Len=0;;;;;;;;;;;;;;;311.618.386;311.557.498;60888;77443;16555
221;311.618.386;192.168.43.133;74.125.24.113;TCP;54;50516  >  443 [FIN, ACK] Seq=1116 Ack=5097 Win=65536 Len=0;;;;;;;;;;;;;;;311.695.829;311.618.386;77443;8889;68554
222;311.695.829;74.125.24.113;192.168.43.133;TCP;54;443  >  50516 [ACK] Seq=5097 Ack=1117 Win=22848 Len=0;;;;;;;;;;;;;;;311.704.718;311.695.829;8889;236;8653
223;311.704.718;74.125.24.113;192.168.43.133;TCP;54;443  >  50516 [FIN, ACK] Seq=5097 Ack=1117 Win=22848 Len=0;;;;;;;;;;;;;;;311.704.954;311.704.718;236;7990049;7989813
224;311.704.954;192.168.43.133;74.125.24.113;TCP;54;50516  >  443 [ACK] Seq=1117 Ack=5098 Win=65536 Len=0;;;;;;;;;;;;;;;319.695.003;311.704.954;7990049;141447;7848602
225;319.695.003;192.168.43.133;3.235.82.191;TLSv1.2;84;Application Data;;;;;;;;;;;;;;;319.836.450;319.695.003;141447;9779930;9638483
226;319.836.450;3.235.82.191;192.168.43.133;TCP;54;443  >  49832 [ACK] Seq=2146 Ack=2628 Win=6640 Len=0;;;;;;;;;;;;;;;329.616.380;319.836.450;9779930;153047;9626883
229;329.616.380;192.168.43.133;172.217.194.188;TCP;55;[TCP Keep-Alive] 50352  >  5228 [ACK] Seq=1 Ack=1 Win=257 Len=1;;;;;;;;;;;;;;;329.769.427;329.616.380;153047;1081396;928349
230;329.769.427;172.217.194.188;192.168.43.133;TCP;54;[TCP Keep-Alive ACK] 5228  >  50352 [ACK] Seq=1 Ack=2 Win=706 Len=0;;;;;;;;;;;;;;;330.850.823;329.769.427;1081396;147507;933889
231;330.850.823;192.168.43.133;3.235.82.191;TLSv1.2;271;Application Data;;;;;;;;;;;;;;;330.998.330;330.850.823;147507;204805;57298
232;330.998.330;3.235.82.191;192.168.43.133;TCP;54;443  >  49832 [ACK] Seq=2146 Ack=2845 Win=6647 Len=0;;;;;;;;;;;;;;;331.203.135;330.998.330;204805;53820;150985
233;331.203.135;3.235.82.191;192.168.43.133;TLSv1.2;249;Application Data;;;;;;;;;;;;;;;331.256.955;331.203.135;53820;16546585;16492765
234;331.256.955;192.168.43.133;3.235.82.191;TCP;54;49832  >  443 [ACK] Seq=2845 Ack=2341 Win=260 Len=0;;;;;;;;;;;;;;;347.803.540;331.256.955;16546585;90919;16455666
235;347.803.540;192.168.43.133;3.235.72.248;TLSv1.2;89;Application Data;;;;;;;;;;;;;;;347.894.459;347.803.540;90919;307473;216554
236;347.894.459;3.235.72.248;192.168.43.133;TCP;54;443  >  49828 [ACK] Seq=63 Ack=106 Win=917 Len=0;;;;;;;;;;;;;;;348.201.932;347.894.459;307473;54458;253015
237;348.201.932;3.235.72.248;192.168.43.133;TLSv1.2;85;Application Data;;;;;;;;;;;;;;;348.256.390;348.201.932;54458;3765676;3711218
238;348.256.390;192.168.43.133;3.235.72.248;TCP;54;49828  >  443 [ACK] Seq=106 Ack=94 Win=255 Len=0;;;;;;;;;;;;;;;352.022.066;348.256.390;3765676;173544;3592132
239;352.022.066;192.168.43.133;74.125.130.188;TCP;55;[TCP Keep-Alive] 49788  >  5228 [ACK] Seq=1 Ack=1 Win=255 Len=1;;;;;;;;;;;;;;;352.195.610;352.022.066;173544;8732352;8558808
240;352.195.610;74.125.130.188;192.168.43.133;TCP;54;[TCP Keep-Alive ACK] 5228  >  49788 [ACK] Seq=1 Ack=2 Win=757 Len=0;;;;;;;;;;;;;;;360.927.962;352.195.610;8732352;74138;8658214
243;360.927.962;192.168.43.133;3.235.82.191;TLSv1.2;271;Application Data;;;;;;;;;;;;;;;361.002.100;360.927.962;74138;307074;232936
244;361.002.100;3.235.82.191;192.168.43.133;TCP;54;443  >  49832 [ACK] Seq=2341 Ack=3062 Win=6654 Len=0;;;;;;;;;;;;;;;361.309.174;361.002.100;307074;40610;266464
245;361.309.174;3.235.82.191;192.168.43.133;TLSv1.2;249;Application Data;;;;;;;;;;;;;;;361.349.784;361.309.174;40610;3406517;3365907
246;361.349.784;192.168.43.133;3.235.82.191;TCP;54;49832  >  443 [ACK] Seq=3062 Ack=2536 Win=259 Len=0;;;;;;;;;;;;;;;364.756.301;361.349.784;3406517;137138;3269379
247;364.756.301;192.168.43.133;3.235.82.191;TLSv1.2;84;Application Data;;;;;;;;;;;;;;;364.893.439;364.756.301;137138;9877694;9740556
248;364.893.439;3.235.82.191;192.168.43.133;TCP;54;443  >  49832 [ACK] Seq=2536 Ack=3092 Win=6655 Len=0;;;;;;;;;;;;;;;374.771.133;364.893.439;9877694;157466;9720228
255;374.771.133;192.168.43.133;172.217.194.188;TCP;55;[TCP Keep-Alive] 50352  >  5228 [ACK] Seq=1 Ack=1 Win=257 Len=1;;;;;;;;;;;;;;;374.928.599;374.771.133;157466;16080459;15922993
256;374.928.599;172.217.194.188;192.168.43.133;TCP;54;[TCP Keep-Alive ACK] 5228  >  50352 [ACK] Seq=1 Ack=2 Win=706 Len=0;;;;;;;;;;;;;;;391.009.058;374.928.599;16080459;99259;15981200
257;391.009.058;192.168.43.133;3.235.82.191;TLSv1.2;271;Application Data;;;;;;;;;;;;;;;391.108.317;391.009.058;99259;307064;207805
258;391.108.317;3.235.82.191;192.168.43.133;TCP;54;443  >  49832 [ACK] Seq=2536 Ack=3309 Win=6661 Len=0;;;;;;;;;;;;;;;391.415.381;391.108.317;307064;46564;260500
259;391.415.381;3.235.82.191;192.168.43.133;TLSv1.2;249;Application Data;;;;;;;;;;;;;;;391.461.945;391.415.381;46564;5734503;5687939
260;391.461.945;192.168.43.133;3.235.82.191;TCP;54;49832  >  443 [ACK] Seq=3309 Ack=2731 Win=258 Len=0;;;;;;;;;;;;;;;397.196.448;391.461.945;5734503;58587;5675916
263;397.196.448;192.168.43.133;74.125.130.188;TCP;55;[TCP Keep-Alive] 49788  >  5228 [ACK] Seq=1 Ack=1 Win=255 Len=1;;;;;;;;;;;;;;;397.255.035;397.196.448;58587;12568277;12509690
264;397.255.035;74.125.130.188;192.168.43.133;TCP;54;[TCP Keep-Alive ACK] 5228  >  49788 [ACK] Seq=1 Ack=2 Win=757 Len=0;;;;;;;;;;;;;;;409.823.312;397.255.035;12568277;127214;12441063
265;409.823.312;192.168.43.133;3.235.82.191;TLSv1.2;84;Application Data;;;;;;;;;;;;;;;409.950.526;409.823.312;127214;9112714;8985500
266;409.950.526;3.235.82.191;192.168.43.133;TCP;54;443  >  49832 [ACK] Seq=2731 Ack=3339 Win=6662 Len=0;;;;;;;;;;;;;;;419.063.240;409.950.526;9112714;103559;9009155
271;419.063.240;192.168.43.133;74.125.24.94;TCP;66;50517  >  443 [SYN] Seq=0 Win=64240 Len=0 MSS=1460 WS=256 SACK_PERM=1;;;;;;;;;;;;;;;419.166.799;419.063.240;103559;342;103217
272;419.166.799;74.125.24.94;192.168.43.133;TCP;66;443  >  50517 [SYN, ACK] Seq=0 Ack=1 Win=21760 Len=0 MSS=1360 WS=32 SACK_PERM=1;;;;;;;;;;;;;;;419.167.141;419.166.799;342;41897;41555
273;419.167.141;192.168.43.133;74.125.24.94;TCP;54;50517  >  443 [ACK] Seq=1 Ack=1 Win=66560 Len=0;;;;;;;;;;;;;;;419.209.038;419.167.141;41897;162516;120619
274;419.209.038;192.168.43.133;74.125.24.94;TLSv1.2;236;Client Hello;;;;;;;;;;;;;;;419.371.554;419.209.038;162516;197;162319
275;419.371.554;74.125.24.94;192.168.43.133;TCP;54;443  >  50517 [ACK] Seq=1 Ack=183 Win=21920 Len=0;;;;;;;;;;;;;;;419.371.751;419.371.554;197;180;17
276;419.371.751;74.125.24.94;192.168.43.133;TLSv1.2;1414;Server Hello;;;;;;;;;;;;;;;419.371.931;419.371.751;180;0;180
277;419.371.931;74.125.24.94;192.168.43.133;TLSv1.2;1414;Certificate [TCP segment of a reassembled PDU];;;;;;;;;;;;;;;419.371.931;419.371.931;0;99;99
278;419.371.931;74.125.24.94;192.168.43.133;TLSv1.2;163;Server Key Exchange, Server Hello Done;;;;;;;;;;;;;;;419.372.030;419.371.931;99;15355;15256
279;419.372.030;192.168.43.133;74.125.24.94;TCP;54;50517  >  443 [ACK] Seq=183 Ack=2830 Win=66560 Len=0;;;;;;;;;;;;;;;419.387.385;419.372.030;15355;44315;28960
280;419.387.385;192.168.43.133;74.125.24.94;TLSv1.2;147;Client Key Exchange, Change Cipher Spec, Encrypted Handshake Message;;;;;;;;;;;;;;;419.431.700;419.387.385;44315;6585;37730
281;419.431.700;74.125.24.94;192.168.43.133;TCP;54;443  >  50517 [ACK] Seq=2830 Ack=276 Win=22016 Len=0;;;;;;;;;;;;;;;419.438.285;419.431.700;6585;37922;31337
282;419.438.285;74.125.24.94;192.168.43.133;TLSv1.2;346;New Session Ticket, Change Cipher Spec, Encrypted Handshake Message;;;;;;;;;;;;;;;419.476.207;419.438.285;37922;227;37695
283;419.476.207;192.168.43.133;74.125.24.94;TLSv1.2;661;Application Data;;;;;;;;;;;;;;;419.476.434;419.476.207;227;115650;115423
284;419.476.434;192.168.43.133;74.125.24.94;TLSv1.2;1278;Application Data;;;;;;;;;;;;;;;419.592.084;419.476.434;115650;0;115650
285;419.592.084;74.125.24.94;192.168.43.133;TCP;54;443  >  50517 [ACK] Seq=3122 Ack=883 Win=22624 Len=0;;;;;;;;;;;;;;;419.592.084;419.592.084;0;173485;173485
286;419.592.084;74.125.24.94;192.168.43.133;TCP;54;443  >  50517 [ACK] Seq=3122 Ack=2107 Win=23840 Len=0;;;;;;;;;;;;;;;419.765.569;419.592.084;173485;0;173485
287;419.765.569;74.125.24.94;192.168.43.133;TLSv1.2;1414;Application Data;;;;;;;;;;;;;;;419.765.569;419.765.569;0;266;266
288;419.765.569;74.125.24.94;192.168.43.133;TLSv1.2;451;Application Data, Application Data;;;;;;;;;;;;;;;419.765.835;419.765.569;266;166490;166224
289;419.765.835;192.168.43.133;74.125.24.94;TCP;54;50517  >  443 [ACK] Seq=2107 Ack=4879 Win=66560 Len=0;;;;;;;;;;;;;;;419.932.325;419.765.835;166490;16865;149625
290;419.932.325;192.168.43.133;172.217.194.188;TCP;55;[TCP Keep-Alive] 50352  >  5228 [ACK] Seq=1 Ack=1 Win=257 Len=1;;;;;;;;;;;;;;;419.949.190;419.932.325;16865;26237;9372
291;419.949.190;192.168.43.133;74.125.24.94;TCP;54;50517  >  443 [RST, ACK] Seq=2107 Ack=4879 Win=0 Len=0;;;;;;;;;;;;;;;419.975.427;419.949.190;26237;1113383;1087146
292;419.975.427;172.217.194.188;192.168.43.133;TCP;54;[TCP Keep-Alive ACK] 5228  >  50352 [ACK] Seq=1 Ack=2 Win=706 Len=0;;;;;;;;;;;;;;;421.088.810;419.975.427;1113383;89767;1023616
293;421.088.810;192.168.43.133;3.235.82.191;TLSv1.2;271;Application Data;;;;;;;;;;;;;;;421.178.577;421.088.810;89767;254631;164864
294;421.178.577;3.235.82.191;192.168.43.133;TCP;54;443  >  49832 [ACK] Seq=2731 Ack=3556 Win=6669 Len=0;;;;;;;;;;;;;;;421.433.208;421.178.577;254631;45811;208820
295;421.433.208;3.235.82.191;192.168.43.133;TLSv1.2;249;Application Data;;;;;;;;;;;;;;;421.479.019;421.433.208;45811;20784722;20738911
296;421.479.019;192.168.43.133;3.235.82.191;TCP;54;49832  >  443 [ACK] Seq=3556 Ack=2926 Win=260 Len=0;;;;;;;;;;;;;;;442.263.741;421.479.019;20784722;147801;20636921
299;442.263.741;192.168.43.133;74.125.130.188;TCP;55;[TCP Keep-Alive] 49788  >  5228 [ACK] Seq=1 Ack=1 Win=255 Len=1;;;;;;;;;;;;;;;442.411.542;442.263.741;147801;8758393;8610592
300;442.411.542;74.125.130.188;192.168.43.133;TCP;54;[TCP Keep-Alive ACK] 5228  >  49788 [ACK] Seq=1 Ack=2 Win=757 Len=0;;;;;;;;;;;;;;;451.169.935;442.411.542;8758393;150904;8607489
301;451.169.935;192.168.43.133;3.235.82.191;TLSv1.2;271;Application Data;;;;;;;;;;;;;;;451.320.839;451.169.935;150904;204713;53809
302;451.320.839;3.235.82.191;192.168.43.133;TCP;54;443  >  49832 [ACK] Seq=2926 Ack=3773 Win=6676 Len=0;;;;;;;;;;;;;;;451.525.552;451.320.839;204713;50191;154522
303;451.525.552;3.235.82.191;192.168.43.133;TLSv1.2;249;Application Data;;;;;;;;;;;;;;;451.575.743;451.525.552;50191;3312793;3262602
304;451.575.743;192.168.43.133;3.235.82.191;TCP;54;49832  >  443 [ACK] Seq=3773 Ack=3121 Win=259 Len=0;;;;;;;;;;;;;;;454.888.536;451.575.743;3312793;118513;3194280
305;454.888.536;192.168.43.133;3.235.82.191;TLSv1.2;84;Application Data;;;;;;;;;;;;;;;455.007.049;454.888.536;118513;9982463;9863950
306;455.007.049;3.235.82.191;192.168.43.133;TCP;54;443  >  49832 [ACK] Seq=3121 Ack=3803 Win=6677 Len=0;;;;;;;;;;;;;;;464.989.512;455.007.049;9982463;62241;9920222
378;464.989.512;192.168.43.133;172.217.194.188;TCP;55;[TCP Keep-Alive] 50352  >  5228 [ACK] Seq=1 Ack=1 Win=257 Len=1;;;;;;;;;;;;;;;465.051.753;464.989.512;62241;16197538;16135297
379;465.051.753;172.217.194.188;192.168.43.133;TCP;54;[TCP Keep-Alive ACK] 5228  >  50352 [ACK] Seq=1 Ack=2 Win=706 Len=0;;;;;;;;;;;;;;;481.249.291;465.051.753;16197538;177835;16019703
386;481.249.291;192.168.43.133;3.235.82.191;TLSv1.2;271;Application Data;;;;;;;;;;;;;;;481.427.126;481.249.291;177835;204642;26807
387;481.427.126;3.235.82.191;192.168.43.133;TCP;54;443  >  49832 [ACK] Seq=3121 Ack=4020 Win=6684 Len=0;;;;;;;;;;;;;;;481.631.768;481.427.126;204642;54854;149788
388;481.631.768;3.235.82.191;192.168.43.133;TLSv1.2;249;Application Data;;;;;;;;;;;;;;;481.686.622;481.631.768;54854;1640573;1585719
389;481.686.622;192.168.43.133;3.235.82.191;TCP;54;49832  >  443 [ACK] Seq=4020 Ack=3316 Win=258 Len=0;;;;;;;;;;;;;;;483.327.195;481.686.622;1640573;147779;1492794
390;483.327.195;192.168.43.133;3.235.72.248;TLSv1.2;89;Application Data;;;;;;;;;;;;;;;483.474.974;483.327.195;147779;204912;57133
391;483.474.974;3.235.72.248;192.168.43.133;TCP;54;443  >  49828 [ACK] Seq=94 Ack=141 Win=918 Len=0;;;;;;;;;;;;;;;483.679.886;483.474.974;204912;53326;151586
392;483.679.886;3.235.72.248;192.168.43.133;TLSv1.2;85;Application Data;;;;;;;;;;;;;;;483.733.212;483.679.886;53326;3687741;3634415
393;483.733.212;192.168.43.133;3.235.72.248;TCP;54;49828  >  443 [ACK] Seq=141 Ack=125 Win=255 Len=0;;;;;;;;;;;;;;;487.420.953;483.733.212;3687741;51082;3636659
403;487.420.953;192.168.43.133;74.125.130.188;TCP;55;[TCP Keep-Alive] 49788  >  5228 [ACK] Seq=1 Ack=1 Win=255 Len=1;;;;;;;;;;;;;;;487.472.035;487.420.953;51082;6059769;6008687
404;487.472.035;74.125.130.188;192.168.43.133;TCP;54;[TCP Keep-Alive ACK] 5228  >  49788 [ACK] Seq=1 Ack=2 Win=757 Len=0;;;;;;;;;;;;;;;493.531.804;487.472.035;6059769;81056;5978713
409;493.531.804;192.168.43.133;40.90.189.152;TLSv1.2;157;Application Data;;;;;;;;;;;;;;;493.612.860;493.531.804;81056;0;81056
410;493.612.860;40.90.189.152;192.168.43.133;TCP;54;443  >  49755 [ACK] Seq=347 Ack=310 Win=1110 Len=0;;;;;;;;;;;;;;;493.612.860;493.612.860;0;42075;42075
411;493.612.860;40.90.189.152;192.168.43.133;TLSv1.2;227;Application Data;;;;;;;;;;;;;;;493.654.935;493.612.860;42075;6296804;6254729
412;493.654.935;192.168.43.133;40.90.189.152;TCP;54;49755  >  443 [ACK] Seq=310 Ack=520 Win=256 Len=0;;;;;;;;;;;;;;;499.951.739;493.654.935;6296804;112550;6184254
414;499.951.739;192.168.43.133;3.235.82.191;TLSv1.2;84;Application Data;;;;;;;;;;;;;;;500.064.289;499.951.739;112550;9996161;9883611
415;500.064.289;3.235.82.191;192.168.43.133;TCP;54;443  >  49832 [ACK] Seq=3316 Ack=4050 Win=6685 Len=0;;;;;;;;;;;;;;;510.060.450;500.064.289;9996161;141294;9854867
416;510.060.450;192.168.43.133;172.217.194.188;TCP;55;[TCP Keep-Alive] 50352  >  5228 [ACK] Seq=1 Ack=1 Win=257 Len=1;;;;;;;;;;;;;;;510.201.744;510.060.450;141294;1124484;983190
417;510.201.744;172.217.194.188;192.168.43.133;TCP;54;[TCP Keep-Alive ACK] 5228  >  50352 [ACK] Seq=1 Ack=2 Win=706 Len=0;;;;;;;;;;;;;;;511.326.228;510.201.744;1124484;104595;1019889
418;511.326.228;192.168.43.133;3.235.82.191;TLSv1.2;271;Application Data;;;;;;;;;;;;;;;511.430.823;511.326.228;104595;307186;202591
419;511.430.823;3.235.82.191;192.168.43.133;TCP;54;443  >  49832 [ACK] Seq=3316 Ack=4267 Win=6691 Len=0;;;;;;;;;;;;;;;511.738.009;511.430.823;307186;41118;266068
420;511.738.009;3.235.82.191;192.168.43.133;TLSv1.2;249;Application Data;;;;;;;;;;;;;;;511.779.127;511.738.009;41118;20697753;20656635
421;511.779.127;192.168.43.133;3.235.82.191;TCP;54;49832  >  443 [ACK] Seq=4267 Ack=3511 Win=260 Len=0;;;;;;;;;;;;;;;532.476.880;511.779.127;20697753;151277;20546476
424;532.476.880;192.168.43.133;74.125.130.188;TCP;55;[TCP Keep-Alive] 49788  >  5228 [ACK] Seq=1 Ack=1 Win=255 Len=1;;;;;;;;;;;;;;;532.628.157;532.476.880;151277;8770210;8618933
425;532.628.157;74.125.130.188;192.168.43.133;TCP;54;[TCP Keep-Alive ACK] 5228  >  49788 [ACK] Seq=1 Ack=2 Win=757 Len=0;;;;;;;;;;;;;;;541.398.367;532.628.157;8770210;139017;8631193
426;541.398.367;192.168.43.133;3.235.82.191;TLSv1.2;271;Application Data;;;;;;;;;;;;;;;541.537.384;541.398.367;139017;204249;65232
427;541.537.384;3.235.82.191;192.168.43.133;TCP;54;443  >  49832 [ACK] Seq=3511 Ack=4484 Win=6698 Len=0;;;;;;;;;;;;;;;541.741.633;541.537.384;204249;47254;156995
428;541.741.633;3.235.82.191;192.168.43.133;TLSv1.2;249;Application Data;;;;;;;;;;;;;;;541.788.887;541.741.633;47254;3218844;3171590
429;541.788.887;192.168.43.133;3.235.82.191;TCP;54;49832  >  443 [ACK] Seq=4484 Ack=3706 Win=259 Len=0;;;;;;;;;;;;;;;545.007.731;541.788.887;3218844;113469;3105375
430;545.007.731;192.168.43.133;3.235.82.191;TLSv1.2;84;Application Data;;;;;;;;;;;;;;;545.121.200;545.007.731;113469;10089128;9975659
431;545.121.200;3.235.82.191;192.168.43.133;TCP;54;443  >  49832 [ACK] Seq=3706 Ack=4514 Win=6699 Len=0;;;;;;;;;;;;;;;555.210.328;545.121.200;10089128;150949;9938179
434;555.210.328;192.168.43.133;172.217.194.188;TCP;55;[TCP Keep-Alive] 50352  >  5228 [ACK] Seq=1 Ack=1 Win=257 Len=1;;;;;;;;;;;;;;;555.361.277;555.210.328;150949;16114444;15963495
435;555.361.277;172.217.194.188;192.168.43.133;TCP;54;[TCP Keep-Alive ACK] 5228  >  50352 [ACK] Seq=1 Ack=2 Win=706 Len=0;;;;;;;;;;;;;;;571.475.721;555.361.277;16114444;167481;15946963
436;571.475.721;192.168.43.133;3.235.82.191;TLSv1.2;271;Application Data;;;;;;;;;;;;;;;571.643.202;571.475.721;167481;205053;37572
437;571.643.202;3.235.82.191;192.168.43.133;TCP;54;443  >  49832 [ACK] Seq=3706 Ack=4731 Win=6706 Len=0;;;;;;;;;;;;;;;571.848.255;571.643.202;205053;48998;156055
438;571.848.255;3.235.82.191;192.168.43.133;TLSv1.2;249;Application Data;;;;;;;;;;;;;;;571.897.253;571.848.255;48998;5734443;5685445
439;571.897.253;192.168.43.133;3.235.82.191;TCP;54;49832  >  443 [ACK] Seq=4731 Ack=3901 Win=258 Len=0;;;;;;;;;;;;;;;577.631.696;571.897.253;5734443;52470;5681973
442;577.631.696;192.168.43.133;74.125.130.188;TCP;55;[TCP Keep-Alive] 49788  >  5228 [ACK] Seq=1 Ack=1 Win=255 Len=1;;;;;;;;;;;;;;;577.684.166;577.631.696;52470;12384776;12332306
443;577.684.166;74.125.130.188;192.168.43.133;TCP;54;[TCP Keep-Alive ACK] 5228  >  49788 [ACK] Seq=1 Ack=2 Win=757 Len=0;;;;;;;;;;;;;;;590.068.942;577.684.166;12384776;109484;12275292
444;590.068.942;192.168.43.133;3.235.82.191;TLSv1.2;84;Application Data;;;;;;;;;;;;;;;590.178.426;590.068.942;109484;10197593;10088109
445;590.178.426;3.235.82.191;192.168.43.133;TCP;54;443  >  49832 [ACK] Seq=3901 Ack=4761 Win=6707 Len=0;;;;;;;;;;;;;;;600.376.019;590.178.426;10197593;144629;10052964
446;600.376.019;192.168.43.133;172.217.194.188;TCP;55;[TCP Keep-Alive] 50352  >  5228 [ACK] Seq=1 Ack=1 Win=257 Len=1;;;;;;;;;;;;;;;600.520.648;600.376.019;144629;1043264;898635
447;600.520.648;172.217.194.188;192.168.43.133;TCP;54;[TCP Keep-Alive ACK] 5228  >  50352 [ACK] Seq=1 Ack=2 Win=706 Len=0;;;;;;;;;;;;;;;601.563.912;600.520.648;1043264;185498;857766
448;601.563.912;192.168.43.133;3.235.82.191;TLSv1.2;271;Application Data;;;;;;;;;;;;;;;601.749.410;601.563.912;185498;204898;19400
449;601.749.410;3.235.82.191;192.168.43.133;TCP;54;443  >  49832 [ACK] Seq=3901 Ack=4978 Win=6714 Len=0;;;;;;;;;;;;;;;601.954.308;601.749.410;204898;46640;158258
450;601.954.308;3.235.82.191;192.168.43.133;TLSv1.2;249;Application Data;;;;;;;;;;;;;;;602.000.948;601.954.308;46640;16831987;16785347
451;602.000.948;192.168.43.133;3.235.82.191;TCP;54;49832  >  443 [ACK] Seq=4978 Ack=4096 Win=260 Len=0;;;;;;;;;;;;;;;618.832.935;602.000.948;16831987;120122;16711865
473;618.832.935;192.168.43.133;3.235.72.248;TLSv1.2;89;Application Data;;;;;;;;;;;;;;;618.953.057;618.832.935;120122;204877;84755
474;618.953.057;3.235.72.248;192.168.43.133;TCP;54;443  >  49828 [ACK] Seq=125 Ack=176 Win=919 Len=0;;;;;;;;;;;;;;;619.157.934;618.953.057;204877;49908;154969
475;619.157.934;3.235.72.248;192.168.43.133;TLSv1.2;85;Application Data;;;;;;;;;;;;;;;619.207.842;619.157.934;49908;3479273;3429365
476;619.207.842;192.168.43.133;3.235.72.248;TCP;54;49828  >  443 [ACK] Seq=176 Ack=156 Win=255 Len=0;;;;;;;;;;;;;;;622.687.115;619.207.842;3479273;157102;3322171
477;622.687.115;192.168.43.133;74.125.130.188;TCP;55;[TCP Keep-Alive] 49788  >  5228 [ACK] Seq=1 Ack=1 Win=255 Len=1;;;;;;;;;;;;;;;622.844.217;622.687.115;157102;8795681;8638579
478;622.844.217;74.125.130.188;192.168.43.133;TCP;54;[TCP Keep-Alive ACK] 5228  >  49788 [ACK] Seq=1 Ack=2 Win=757 Len=0;;;;;;;;;;;;;;;631.639.898;622.844.217;8795681;113497;8682184
481;631.639.898;192.168.43.133;3.235.82.191;TLSv1.2;271;Application Data;;;;;;;;;;;;;;;631.753.395;631.639.898;113497;306972;193475
482;631.753.395;3.235.82.191;192.168.43.133;TCP;54;443  >  49832 [ACK] Seq=4096 Ack=5195 Win=6720 Len=0;;;;;;;;;;;;;;;632.060.367;631.753.395;306972;48528;258444
483;632.060.367;3.235.82.191;192.168.43.133;TLSv1.2;249;Application Data;;;;;;;;;;;;;;;632.108.895;632.060.367;48528;3030857;2982329
484;632.108.895;192.168.43.133;3.235.82.191;TCP;54;49832  >  443 [ACK] Seq=5195 Ack=4291 Win=259 Len=0;;;;;;;;;;;;;;;635.139.752;632.108.895;3030857;94995;2935862
485;635.139.752;192.168.43.133;3.235.82.191;TLSv1.2;84;Application Data;;;;;;;;;;;;;;;635.234.747;635.139.752;94995;7577334;7482339
486;635.234.747;3.235.82.191;192.168.43.133;TCP;54;443  >  49832 [ACK] Seq=4291 Ack=5225 Win=6721 Len=0;;;;;;;;;;;;;;;642.812.081;635.234.747;7577334;102964;7474370
489;642.812.081;192.168.43.133;172.217.194.188;TLSv1.2;80;Application Data;;;;;;;;;;;;;;;642.915.045;642.812.081;102964;0;102964
490;642.915.045;172.217.194.188;192.168.43.133;TCP;54;5228  >  50352 [ACK] Seq=1 Ack=28 Win=706 Len=0;;;;;;;;;;;;;;;642.915.045;642.915.045;0;52356;52356
491;642.915.045;172.217.194.188;192.168.43.133;TLSv1.2;80;Application Data;;;;;;;;;;;;;;;642.967.401;642.915.045;52356;;52356
492;642.967.401;192.168.43.133;172.217.194.188;TCP;54;50352  >  5228 [ACK] Seq=28 Ack=27 Win=257 Len=0;;;;;;;;;;;;;;;;tot delay;638717233;tol jitter;1232598884
;;;;;;;;;;;;;;;;;;;;;;rat delay;1298205,758;rat jitter;4192513,211
